{"cameraMode":{"drawMode":0,"name":"Shaded","section":"Shading Mode"},"sceneLighting":false,"audioPlay":false,"sceneViewState":{"m_AlwaysRefresh":false,"showFog":true,"showSkybox":true,"showFlares":true,"showImageEffects":true,"showParticleSystems":true,"showVisualEffectGraphs":true,"m_FxEnabled":true},"in2DMode":false,"pivot":{"x":-3.1999998092651369,"y":1.2300000190734864,"z":-15.69999885559082},"rotation":{"x":0.17190702259540559,"y":-0.21299785375595094,"z":0.038099098950624469,"w":0.9610604643821716},"size":30.206342697143556,"orthographic":true}